OrderID,Date,Customer Name,Region,Category,Sub-category,Product,Quantity,Price,Discount,Total,Profit
1,2023-08-03,Customer 88,North,Clothing,Shoes,Shoes Model 24,5,3972,0.0,19860.0,1767.63
2,2023-10-21,Customer 192,West,Clothing,Jeans,Jeans Model 21,5,969,0.15,4118.25,1062.96
3,2023-02-18,Customer 59,East,Electronics,Camera,Camera Model 42,2,4317,0.0,8634.0,1364.05
4,2023-05-11,Customer 135,North,Clothing,Jeans,Jeans Model 73,3,2099,0.1,5667.3,1676.43
5,2023-09-22,Customer 53,South,Clothing,Jeans,Jeans Model 84,4,800,0.15,2720.0,519.04
6,2023-07-25,Customer 81,West,Clothing,Shoes,Shoes Model 50,4,2756,0.15,9370.4,549.08
7,2023-08-06,Customer 44,South,Furniture,Table,Table Model 74,2,4043,0.05,7681.7,444.22
8,2023-07-27,Customer 237,South,Furniture,Bed,Bed Model 53,4,1216,0.05,4620.8,606.86
9,2023-01-15,Customer 65,North,Furniture,Chair,Chair Model 71,4,579,0.0,2316.0,197.4
10,2023-05-19,Customer 81,West,Electronics,Camera,Camera Model 35,1,2227,0.15,1892.95,97.26
11,2023-01-28,Customer 135,North,Clothing,Shirt,Shirt Model 72,3,3761,0.1,10154.7,2160.61
12,2023-02-04,Customer 227,North,Furniture,Chair,Chair Model 47,5,2931,0.15,12456.75,1478.37
13,2023-12-25,Customer 283,North,Furniture,Sofa,Sofa Model 79,1,1228,0.05,1166.6,127.16
14,2023-08-19,Customer 241,West,Clothing,Jeans,Jeans Model 96,2,1684,0.1,3031.2,175.38
15,2023-01-13,Customer 160,East,Furniture,Chair,Chair Model 59,5,1878,0.1,8451.0,851.57
16,2023-05-14,Customer 284,West,Clothing,Jeans,Jeans Model 44,4,2825,0.05,10735.0,2705.54
17,2023-08-19,Customer 190,North,Furniture,Table,Table Model 1,3,1863,0.05,5309.55,427.54
18,2023-12-25,Customer 198,West,Electronics,Headphones,Headphones Model 27,1,2875,0.0,2875.0,762.4
19,2023-06-09,Customer 96,West,Electronics,Laptop,Laptop Model 52,5,4979,0.15,21160.75,6046.21
20,2023-04-23,Customer 101,North,Electronics,Laptop,Laptop Model 56,1,4859,0.15,4130.15,466.48
21,2023-12-09,Customer 224,North,Electronics,Headphones,Headphones Model 1,1,4297,0.05,4082.15,623.59
22,2023-09-04,Customer 203,West,Clothing,Jeans,Jeans Model 17,2,1907,0.05,3623.3,1073.99
23,2023-08-28,Customer 144,North,Clothing,Jeans,Jeans Model 73,5,3131,0.05,14872.25,3099.12
24,2023-12-12,Customer 147,West,Clothing,Jeans,Jeans Model 96,5,1994,0.15,8474.5,1114.31
25,2023-12-04,Customer 129,East,Clothing,Shoes,Shoes Model 92,1,3176,0.15,2699.6,395.99
26,2023-09-09,Customer 144,South,Electronics,Mobile,Mobile Model 60,2,4261,0.05,8095.9,926.86
27,2023-01-09,Customer 233,East,Electronics,Laptop,Laptop Model 19,1,3923,0.0,3923.0,1079.24
28,2023-04-14,Customer 254,East,Clothing,Shoes,Shoes Model 89,1,4191,0.15,3562.35,253.05
29,2023-07-13,Customer 163,West,Clothing,Shirt,Shirt Model 61,5,3161,0.15,13434.25,1697.3
30,2023-05-15,Customer 195,North,Electronics,Camera,Camera Model 33,1,4693,0.0,4693.0,444.45
31,2023-01-27,Customer 226,North,Clothing,Jacket,Jacket Model 30,5,762,0.05,3619.5,1000.88
32,2023-05-27,Customer 4,East,Electronics,Camera,Camera Model 64,1,4748,0.15,4035.8,930.71
33,2023-01-06,Customer 99,West,Electronics,Camera,Camera Model 37,1,1443,0.05,1370.85,395.47
34,2023-04-26,Customer 191,North,Electronics,Mobile,Mobile Model 85,5,806,0.1,3627.0,1070.27
35,2023-08-11,Customer 54,South,Clothing,Shirt,Shirt Model 67,3,327,0.05,931.95,176.33
36,2023-05-07,Customer 155,South,Furniture,Bed,Bed Model 2,2,4214,0.05,8006.6,1118.22
37,2023-06-19,Customer 247,South,Furniture,Chair,Chair Model 99,1,4541,0.15,3859.85,726.44
38,2023-01-20,Customer 264,West,Furniture,Chair,Chair Model 16,5,3150,0.0,15750.0,3259.83
39,2023-10-15,Customer 215,East,Furniture,Bed,Bed Model 86,3,1366,0.15,3483.3,678.26
40,2023-11-10,Customer 58,South,Clothing,Shirt,Shirt Model 49,2,774,0.05,1470.6,178.88
41,2023-02-22,Customer 60,West,Furniture,Table,Table Model 5,3,2691,0.0,8073.0,1457.67
42,2023-12-21,Customer 144,North,Clothing,Shoes,Shoes Model 30,5,1191,0.15,5061.75,773.63
43,2023-08-17,Customer 117,South,Clothing,Shirt,Shirt Model 23,3,3875,0.05,11043.75,768.8
44,2023-01-01,Customer 239,South,Clothing,Shirt,Shirt Model 96,4,1212,0.0,4848.0,452.43
45,2023-09-29,Customer 189,East,Furniture,Table,Table Model 64,1,4783,0.0,4783.0,573.88
46,2023-05-24,Customer 86,North,Clothing,Shirt,Shirt Model 29,5,2494,0.1,11223.0,1256.22
47,2023-07-23,Customer 218,South,Furniture,Bed,Bed Model 48,5,3318,0.0,16590.0,2121.09
48,2023-01-10,Customer 246,North,Electronics,Headphones,Headphones Model 34,4,1957,0.0,7828.0,1171.27
49,2023-11-21,Customer 4,West,Clothing,Jeans,Jeans Model 24,2,3930,0.05,7467.0,1308.67
50,2023-06-01,Customer 178,East,Clothing,Jeans,Jeans Model 33,1,1095,0.15,930.75,265.32
51,2023-03-06,Customer 168,South,Electronics,Mobile,Mobile Model 43,3,3698,0.0,11094.0,2290.74
52,2023-08-30,Customer 35,East,Electronics,Mobile,Mobile Model 81,4,3573,0.05,13577.4,811.12
53,2023-04-15,Customer 196,South,Furniture,Bed,Bed Model 75,5,1825,0.05,8668.75,2198.54
54,2023-06-13,Customer 192,East,Electronics,Camera,Camera Model 49,4,928,0.0,3712.0,1083.51
55,2023-08-12,Customer 37,West,Clothing,Shoes,Shoes Model 55,4,2343,0.15,7966.2,2125.22
56,2023-03-03,Customer 84,West,Electronics,Headphones,Headphones Model 89,1,3114,0.0,3114.0,449.76
57,2023-03-17,Customer 265,East,Furniture,Chair,Chair Model 28,3,595,0.0,1785.0,493.28
58,2023-03-10,Customer 99,West,Furniture,Sofa,Sofa Model 25,4,3777,0.1,13597.2,962.97
59,2023-02-08,Customer 109,North,Clothing,Shirt,Shirt Model 42,4,3836,0.1,13809.6,3387.83
60,2023-08-23,Customer 146,East,Furniture,Sofa,Sofa Model 76,2,1356,0.1,2440.8,663.72
61,2023-01-07,Customer 174,North,Electronics,Laptop,Laptop Model 40,2,2739,0.0,5478.0,412.39
62,2023-06-14,Customer 136,West,Furniture,Chair,Chair Model 65,2,2881,0.05,5473.9,385.02
63,2023-05-12,Customer 292,South,Furniture,Bed,Bed Model 31,1,710,0.1,639.0,189.46
64,2023-01-19,Customer 39,South,Clothing,Shirt,Shirt Model 67,4,2414,0.1,8690.4,974.9
65,2023-11-13,Customer 1,East,Electronics,Mobile,Mobile Model 77,2,1443,0.05,2741.7,175.68
66,2023-04-27,Customer 134,South,Furniture,Chair,Chair Model 44,4,3640,0.0,14560.0,3889.7
67,2023-08-01,Customer 203,West,Electronics,Camera,Camera Model 36,5,2052,0.1,9234.0,2518.9
68,2023-11-01,Customer 14,East,Clothing,Jacket,Jacket Model 31,4,3712,0.05,14105.6,1291.42
69,2023-01-12,Customer 224,West,Electronics,Mobile,Mobile Model 72,3,2903,0.1,7838.1,480.96
70,2023-06-13,Customer 90,West,Furniture,Bed,Bed Model 58,4,4668,0.15,15871.2,1466.82
71,2023-05-25,Customer 201,North,Furniture,Bed,Bed Model 84,4,4336,0.15,14742.4,4371.9
72,2023-03-23,Customer 256,North,Electronics,Camera,Camera Model 47,5,3156,0.05,14991.0,1035.13
73,2023-12-31,Customer 5,East,Electronics,Laptop,Laptop Model 33,2,3071,0.05,5834.9,1555.09
74,2023-12-07,Customer 282,East,Furniture,Chair,Chair Model 89,2,423,0.1,761.4,66.7
75,2023-04-15,Customer 99,East,Furniture,Sofa,Sofa Model 1,3,4984,0.0,14952.0,985.01
76,2023-12-24,Customer 259,North,Electronics,Camera,Camera Model 23,4,2200,0.0,8800.0,2639.38
77,2023-01-01,Customer 51,North,Electronics,Mobile,Mobile Model 77,5,4378,0.0,21890.0,2413.84
78,2023-04-05,Customer 72,East,Furniture,Chair,Chair Model 26,1,4783,0.15,4065.55,250.94
79,2023-02-23,Customer 236,North,Furniture,Table,Table Model 94,3,4162,0.05,11861.7,3120.17
80,2023-07-26,Customer 229,North,Furniture,Sofa,Sofa Model 14,1,4919,0.1,4427.1,253.21
81,2023-08-14,Customer 294,South,Furniture,Sofa,Sofa Model 98,3,2350,0.05,6697.5,1368.41
82,2023-09-06,Customer 166,North,Furniture,Table,Table Model 88,3,2682,0.1,7241.4,1677.1
83,2023-05-18,Customer 184,North,Clothing,Shoes,Shoes Model 74,2,2328,0.0,4656.0,1159.89
84,2023-02-22,Customer 205,South,Electronics,Camera,Camera Model 43,4,3231,0.0,12924.0,3812.69
85,2023-12-26,Customer 184,North,Clothing,Jacket,Jacket Model 67,1,3645,0.15,3098.25,651.31
86,2023-02-20,Customer 277,North,Clothing,Jacket,Jacket Model 82,5,871,0.05,4137.25,829.45
87,2023-03-19,Customer 218,North,Furniture,Chair,Chair Model 27,5,723,0.05,3434.25,939.45
88,2023-04-17,Customer 48,North,Electronics,Laptop,Laptop Model 81,1,2461,0.1,2214.9,394.06
89,2023-06-29,Customer 207,East,Furniture,Bed,Bed Model 56,1,2255,0.0,2255.0,449.47
90,2023-12-31,Customer 154,South,Furniture,Table,Table Model 59,2,4323,0.1,7781.4,1422.57
91,2023-08-27,Customer 274,South,Clothing,Jacket,Jacket Model 38,3,1846,0.1,4984.2,886.79
92,2023-09-30,Customer 231,South,Clothing,Jacket,Jacket Model 90,1,4780,0.15,4063.0,223.54
93,2023-03-08,Customer 233,North,Furniture,Bed,Bed Model 18,1,3796,0.15,3226.6,543.66
94,2023-08-24,Customer 83,South,Clothing,Shoes,Shoes Model 41,2,4918,0.15,8360.6,1643.98
95,2023-12-31,Customer 229,North,Electronics,Laptop,Laptop Model 33,4,1961,0.1,7059.6,981.46
96,2023-01-04,Customer 95,West,Electronics,Laptop,Laptop Model 55,5,1933,0.05,9181.75,1023.67
97,2023-02-05,Customer 223,South,Electronics,Headphones,Headphones Model 66,3,442,0.1,1193.4,182.11
98,2023-07-13,Customer 203,West,Clothing,Shoes,Shoes Model 26,1,2751,0.05,2613.45,567.54
99,2023-08-13,Customer 20,North,Clothing,Shirt,Shirt Model 12,4,1341,0.15,4559.4,712.9
100,2023-05-19,Customer 259,North,Clothing,Shirt,Shirt Model 6,2,4949,0.15,8413.3,604.26
101,2023-01-13,Customer 168,South,Furniture,Bed,Bed Model 84,2,460,0.1,828.0,155.03
102,2023-02-07,Customer 94,East,Electronics,Headphones,Headphones Model 49,5,2576,0.0,12880.0,1019.76
103,2023-05-17,Customer 76,East,Electronics,Laptop,Laptop Model 35,4,435,0.05,1653.0,134.02
104,2023-11-12,Customer 286,East,Electronics,Camera,Camera Model 85,4,4050,0.0,16200.0,3849.53
105,2023-03-30,Customer 237,South,Electronics,Mobile,Mobile Model 89,3,277,0.05,789.45,218.65
106,2023-05-25,Customer 225,East,Furniture,Bed,Bed Model 66,3,4870,0.1,13149.0,2555.79
107,2023-03-08,Customer 179,West,Furniture,Chair,Chair Model 42,3,3310,0.1,8937.0,1410.99
108,2023-06-06,Customer 38,North,Clothing,Jacket,Jacket Model 97,5,2235,0.05,10616.25,2903.26
109,2023-03-27,Customer 10,North,Electronics,Mobile,Mobile Model 74,3,1150,0.0,3450.0,201.42
110,2023-02-16,Customer 173,South,Electronics,Laptop,Laptop Model 27,5,3428,0.15,14569.0,1274.49
111,2023-10-10,Customer 69,West,Clothing,Jacket,Jacket Model 11,3,2155,0.15,5495.25,1258.66
112,2023-05-21,Customer 104,South,Furniture,Table,Table Model 82,2,2549,0.1,4588.2,405.31
113,2023-11-20,Customer 133,West,Electronics,Mobile,Mobile Model 37,4,2930,0.15,9962.0,752.66
114,2023-02-20,Customer 29,South,Clothing,Jeans,Jeans Model 40,1,803,0.1,722.7,145.75
115,2023-12-12,Customer 110,West,Electronics,Laptop,Laptop Model 54,3,1992,0.05,5677.2,618.68
116,2023-05-29,Customer 137,South,Clothing,Shirt,Shirt Model 52,1,2054,0.05,1951.3,350.67
117,2023-03-16,Customer 294,South,Electronics,Mobile,Mobile Model 7,2,774,0.15,1315.8,242.57
118,2023-12-30,Customer 251,East,Furniture,Sofa,Sofa Model 54,2,3800,0.15,6460.0,685.74
119,2023-10-12,Customer 63,East,Electronics,Headphones,Headphones Model 22,4,3772,0.15,12824.8,1639.89
120,2023-12-27,Customer 177,West,Furniture,Bed,Bed Model 86,2,3320,0.1,5976.0,1756.26
121,2023-08-03,Customer 211,South,Clothing,Shirt,Shirt Model 32,1,4622,0.0,4622.0,589.23
122,2023-01-19,Customer 18,North,Furniture,Chair,Chair Model 78,1,4724,0.0,4724.0,793.71
123,2023-04-24,Customer 222,South,Clothing,Jacket,Jacket Model 51,2,4489,0.05,8529.1,1366.28
124,2023-05-11,Customer 288,South,Clothing,Shoes,Shoes Model 74,1,3535,0.0,3535.0,243.48
125,2023-10-15,Customer 178,East,Clothing,Jeans,Jeans Model 93,2,3651,0.0,7302.0,411.44
126,2023-02-23,Customer 249,East,Electronics,Mobile,Mobile Model 67,3,2690,0.1,7263.0,398.94
127,2023-04-06,Customer 88,South,Clothing,Shirt,Shirt Model 32,4,3254,0.15,11063.6,828.22
128,2023-08-11,Customer 7,South,Furniture,Sofa,Sofa Model 7,4,364,0.05,1383.2,140.04
129,2023-02-05,Customer 285,West,Electronics,Headphones,Headphones Model 82,5,4442,0.15,18878.5,1800.23
130,2023-07-14,Customer 119,West,Furniture,Chair,Chair Model 20,5,3794,0.05,18021.5,4618.49
131,2023-03-22,Customer 202,South,Electronics,Mobile,Mobile Model 59,1,3777,0.05,3588.15,878.88
132,2023-01-09,Customer 40,South,Furniture,Sofa,Sofa Model 25,1,4153,0.1,3737.7,665.74
133,2023-01-29,Customer 109,South,Clothing,Shirt,Shirt Model 87,3,2741,0.15,6989.55,580.62
134,2023-02-10,Customer 34,North,Electronics,Headphones,Headphones Model 37,2,2375,0.0,4750.0,1205.38
135,2023-12-08,Customer 27,North,Electronics,Laptop,Laptop Model 31,2,4883,0.1,8789.4,673.66
136,2023-07-09,Customer 122,South,Furniture,Sofa,Sofa Model 64,2,654,0.05,1242.6,346.19
137,2023-10-09,Customer 29,North,Furniture,Bed,Bed Model 11,3,3976,0.1,10735.2,779.21
138,2023-08-15,Customer 98,East,Clothing,Shoes,Shoes Model 24,4,1336,0.1,4809.6,597.74
139,2023-08-15,Customer 244,East,Furniture,Table,Table Model 81,5,1985,0.15,8436.25,1560.37
140,2023-03-14,Customer 201,West,Furniture,Sofa,Sofa Model 17,5,681,0.0,3405.0,826.49
141,2023-02-08,Customer 291,East,Electronics,Mobile,Mobile Model 44,5,1138,0.15,4836.5,767.59
142,2023-11-01,Customer 17,South,Clothing,Jeans,Jeans Model 57,2,2522,0.0,5044.0,367.68
143,2023-09-21,Customer 149,North,Clothing,Shirt,Shirt Model 87,4,1541,0.15,5239.4,1405.4
144,2023-12-31,Customer 26,East,Electronics,Laptop,Laptop Model 32,1,3926,0.1,3533.4,1049.13
145,2023-09-07,Customer 270,East,Furniture,Bed,Bed Model 7,1,4190,0.05,3980.5,764.2
146,2023-08-11,Customer 103,North,Electronics,Headphones,Headphones Model 14,2,1026,0.1,1846.8,459.55
147,2023-05-11,Customer 293,East,Clothing,Shoes,Shoes Model 40,3,2867,0.15,7310.85,1244.79
148,2023-01-04,Customer 210,North,Furniture,Sofa,Sofa Model 16,4,238,0.1,856.8,215.05
149,2023-02-03,Customer 251,East,Electronics,Laptop,Laptop Model 13,4,3721,0.1,13395.6,2216.78
150,2023-11-14,Customer 245,West,Electronics,Laptop,Laptop Model 57,3,1013,0.15,2583.15,163.18
151,2023-03-06,Customer 177,East,Clothing,Shirt,Shirt Model 45,2,1120,0.1,2016.0,313.16
152,2023-07-12,Customer 73,East,Furniture,Bed,Bed Model 49,2,345,0.05,655.5,129.32
153,2023-07-17,Customer 295,West,Electronics,Camera,Camera Model 63,4,2434,0.05,9249.2,2307.65
154,2023-02-21,Customer 260,East,Furniture,Bed,Bed Model 72,3,2068,0.05,5893.8,540.81
155,2023-08-14,Customer 218,North,Electronics,Headphones,Headphones Model 3,5,3764,0.05,17879.0,1924.99
156,2023-01-09,Customer 99,West,Furniture,Chair,Chair Model 61,5,253,0.1,1138.5,118.5
157,2023-08-04,Customer 3,West,Clothing,Jeans,Jeans Model 99,3,2937,0.05,8370.45,1875.02
158,2023-12-23,Customer 98,East,Furniture,Chair,Chair Model 56,5,2230,0.0,11150.0,2210.32
159,2023-06-19,Customer 9,East,Clothing,Jacket,Jacket Model 40,4,1418,0.0,5672.0,1492.01
160,2023-02-07,Customer 251,North,Electronics,Mobile,Mobile Model 48,3,1154,0.05,3288.9,500.29
161,2023-03-22,Customer 114,West,Furniture,Table,Table Model 45,5,3587,0.15,15244.75,3366.26
162,2023-12-20,Customer 40,East,Furniture,Chair,Chair Model 77,3,2945,0.1,7951.5,1088.98
163,2023-02-28,Customer 59,West,Electronics,Mobile,Mobile Model 41,3,2583,0.15,6586.65,733.23
164,2023-06-04,Customer 188,East,Electronics,Headphones,Headphones Model 5,5,1916,0.05,9101.0,695.85
165,2023-06-09,Customer 158,East,Clothing,Shirt,Shirt Model 31,2,3008,0.1,5414.4,1460.63
166,2023-08-12,Customer 13,South,Furniture,Bed,Bed Model 27,2,788,0.0,1576.0,180.72
167,2023-12-10,Customer 163,West,Electronics,Mobile,Mobile Model 70,1,4655,0.1,4189.5,604.02
168,2023-03-01,Customer 222,North,Clothing,Jeans,Jeans Model 93,2,1447,0.05,2749.3,372.44
169,2023-08-07,Customer 192,North,Furniture,Bed,Bed Model 12,4,2087,0.15,7095.8,475.13
170,2023-04-30,Customer 210,South,Furniture,Chair,Chair Model 14,2,1085,0.0,2170.0,139.92
171,2023-01-07,Customer 29,East,Clothing,Shirt,Shirt Model 33,4,3947,0.1,14209.2,1172.57
172,2023-08-14,Customer 285,West,Furniture,Sofa,Sofa Model 81,3,2706,0.05,7712.1,387.59
173,2023-06-06,Customer 75,West,Clothing,Shirt,Shirt Model 32,1,238,0.1,214.2,53.27
174,2023-12-03,Customer 236,West,Furniture,Sofa,Sofa Model 92,4,3293,0.1,11854.8,1402.6
175,2023-09-14,Customer 58,West,Electronics,Mobile,Mobile Model 38,5,4226,0.15,17960.5,2683.27
176,2023-01-12,Customer 274,East,Clothing,Jeans,Jeans Model 80,5,2055,0.0,10275.0,2187.72
177,2023-01-08,Customer 79,East,Clothing,Shoes,Shoes Model 46,4,1184,0.0,4736.0,344.74
178,2023-01-24,Customer 46,East,Furniture,Bed,Bed Model 25,3,4644,0.15,11842.2,1463.01
179,2023-01-09,Customer 166,West,Furniture,Table,Table Model 60,1,4165,0.15,3540.25,396.1
180,2023-03-05,Customer 205,North,Clothing,Jeans,Jeans Model 72,5,316,0.05,1501.0,374.33
181,2023-02-01,Customer 11,North,Electronics,Laptop,Laptop Model 89,2,1589,0.1,2860.2,572.05
182,2023-02-10,Customer 76,North,Electronics,Camera,Camera Model 46,1,978,0.05,929.1,220.47
183,2023-08-30,Customer 2,North,Clothing,Shoes,Shoes Model 33,4,2920,0.05,11096.0,2706.88
184,2023-12-25,Customer 90,South,Electronics,Mobile,Mobile Model 15,1,1117,0.1,1005.3,83.62
185,2023-05-03,Customer 9,South,Furniture,Table,Table Model 73,4,2095,0.1,7542.0,611.32
186,2023-12-14,Customer 84,South,Clothing,Jacket,Jacket Model 7,1,915,0.15,777.75,223.09
187,2023-01-03,Customer 127,North,Clothing,Shoes,Shoes Model 60,4,3661,0.05,13911.8,3421.72
188,2023-10-28,Customer 243,South,Furniture,Table,Table Model 19,3,2334,0.15,5951.7,534.98
189,2023-11-05,Customer 183,West,Clothing,Jeans,Jeans Model 51,4,4980,0.15,16932.0,4537.07
190,2023-12-27,Customer 59,East,Furniture,Table,Table Model 28,2,861,0.0,1722.0,515.02
191,2023-07-26,Customer 213,East,Furniture,Sofa,Sofa Model 58,3,4740,0.0,14220.0,2198.41
192,2023-01-20,Customer 152,South,Electronics,Camera,Camera Model 49,4,4811,0.15,16357.4,2335.18
193,2023-08-16,Customer 66,East,Clothing,Shoes,Shoes Model 34,1,1473,0.0,1473.0,219.3
194,2023-09-25,Customer 131,North,Furniture,Sofa,Sofa Model 18,2,1594,0.05,3028.6,842.23
195,2023-08-28,Customer 87,South,Electronics,Headphones,Headphones Model 44,1,3114,0.05,2958.3,677.32
196,2023-02-10,Customer 111,South,Furniture,Table,Table Model 89,2,574,0.0,1148.0,302.61
197,2023-03-07,Customer 163,North,Furniture,Sofa,Sofa Model 5,1,3138,0.0,3138.0,917.4
198,2023-10-30,Customer 287,East,Clothing,Shirt,Shirt Model 10,4,4223,0.15,14358.2,4199.13
199,2023-05-13,Customer 276,West,Clothing,Jeans,Jeans Model 43,2,3091,0.05,5872.9,507.65
200,2023-06-24,Customer 204,North,Electronics,Mobile,Mobile Model 49,4,1507,0.0,6028.0,1213.95
201,2023-04-18,Customer 251,North,Electronics,Camera,Camera Model 20,4,2403,0.1,8650.8,2310.35
202,2023-10-09,Customer 285,North,Furniture,Table,Table Model 35,2,1168,0.1,2102.4,226.6
203,2023-10-03,Customer 181,South,Furniture,Chair,Chair Model 88,5,1208,0.1,5436.0,328.3
204,2023-02-08,Customer 223,West,Clothing,Jacket,Jacket Model 43,2,4512,0.05,8572.8,2514.18
205,2023-10-28,Customer 234,West,Furniture,Sofa,Sofa Model 8,4,4123,0.1,14842.8,853.36
206,2023-12-24,Customer 5,East,Furniture,Chair,Chair Model 86,1,1214,0.15,1031.9,91.88
207,2023-05-25,Customer 26,West,Clothing,Jeans,Jeans Model 47,1,2674,0.05,2540.3,138.14
208,2023-10-16,Customer 1,East,Electronics,Camera,Camera Model 31,3,2063,0.0,6189.0,1376.32
209,2023-07-11,Customer 63,North,Furniture,Chair,Chair Model 33,5,2608,0.05,12388.0,1698.93
210,2023-11-20,Customer 98,North,Electronics,Mobile,Mobile Model 4,5,2832,0.0,14160.0,2715.24
211,2023-11-27,Customer 129,West,Furniture,Sofa,Sofa Model 54,2,1200,0.1,2160.0,343.21
212,2023-07-18,Customer 143,North,Clothing,Shirt,Shirt Model 19,5,3926,0.0,19630.0,2779.91
213,2023-04-12,Customer 267,East,Electronics,Mobile,Mobile Model 72,1,4600,0.15,3910.0,560.35
214,2023-03-26,Customer 282,West,Furniture,Table,Table Model 48,2,1161,0.05,2205.9,386.28
215,2023-10-31,Customer 293,East,Furniture,Table,Table Model 44,4,1377,0.0,5508.0,798.93
216,2023-01-21,Customer 107,East,Clothing,Jacket,Jacket Model 80,2,2611,0.1,4699.8,847.41
217,2023-10-04,Customer 141,South,Clothing,Shirt,Shirt Model 19,4,914,0.1,3290.4,214.1
218,2023-01-27,Customer 157,East,Furniture,Table,Table Model 28,5,1163,0.15,4942.75,893.51
219,2023-05-12,Customer 90,North,Clothing,Shoes,Shoes Model 94,2,1881,0.05,3573.9,422.28
220,2023-10-25,Customer 36,West,Clothing,Jacket,Jacket Model 68,4,3854,0.1,13874.4,1064.43
221,2023-05-21,Customer 118,North,Furniture,Sofa,Sofa Model 86,1,1908,0.05,1812.6,141.52
222,2023-05-05,Customer 170,West,Electronics,Laptop,Laptop Model 24,1,209,0.15,177.65,27.14
223,2023-01-19,Customer 100,West,Electronics,Laptop,Laptop Model 39,3,1516,0.15,3865.8,458.88
224,2023-06-24,Customer 49,East,Furniture,Chair,Chair Model 98,2,3240,0.1,5832.0,1146.88
225,2023-06-09,Customer 11,South,Electronics,Headphones,Headphones Model 73,5,861,0.15,3659.25,468.63
226,2023-11-16,Customer 291,East,Furniture,Chair,Chair Model 85,5,640,0.05,3040.0,259.75
227,2023-10-07,Customer 188,South,Furniture,Sofa,Sofa Model 19,2,4208,0.0,8416.0,454.09
228,2023-08-20,Customer 229,North,Furniture,Table,Table Model 36,2,1390,0.0,2780.0,194.2
229,2023-07-15,Customer 269,North,Clothing,Shirt,Shirt Model 60,1,2114,0.05,2008.3,278.65
230,2023-09-21,Customer 230,West,Furniture,Bed,Bed Model 50,5,2675,0.1,12037.5,2528.38
231,2023-11-22,Customer 130,East,Clothing,Jeans,Jeans Model 44,4,2628,0.05,9986.4,1330.69
232,2023-04-26,Customer 264,South,Furniture,Table,Table Model 44,1,4074,0.05,3870.3,625.39
233,2023-11-07,Customer 208,South,Furniture,Bed,Bed Model 62,5,2068,0.0,10340.0,2300.66
234,2023-01-03,Customer 144,South,Furniture,Chair,Chair Model 23,4,4952,0.15,16836.8,3640.59
235,2023-05-01,Customer 286,North,Clothing,Shoes,Shoes Model 84,5,4143,0.15,17607.75,3257.25
236,2023-09-29,Customer 38,West,Furniture,Table,Table Model 98,2,4751,0.1,8551.8,2276.25
237,2023-03-07,Customer 258,East,Electronics,Laptop,Laptop Model 73,4,4776,0.1,17193.6,1990.64
238,2023-11-07,Customer 262,East,Electronics,Headphones,Headphones Model 22,3,1925,0.1,5197.5,1484.39
239,2023-02-18,Customer 42,South,Clothing,Jacket,Jacket Model 82,4,443,0.05,1683.4,295.08
240,2023-01-14,Customer 73,East,Electronics,Headphones,Headphones Model 21,2,333,0.1,599.4,148.36
241,2023-10-03,Customer 256,South,Clothing,Jeans,Jeans Model 25,3,4425,0.1,11947.5,1631.13
242,2023-04-20,Customer 238,North,Furniture,Chair,Chair Model 52,5,4459,0.1,20065.5,3446.56
243,2023-01-25,Customer 79,West,Clothing,Jacket,Jacket Model 45,1,1248,0.0,1248.0,177.07
244,2023-06-09,Customer 43,South,Electronics,Headphones,Headphones Model 2,4,3236,0.15,11002.4,2892.11
245,2023-09-24,Customer 178,North,Clothing,Jacket,Jacket Model 31,3,2153,0.05,6136.05,631.64
246,2023-06-05,Customer 190,South,Clothing,Shirt,Shirt Model 7,3,4176,0.1,11275.2,774.13
247,2023-12-25,Customer 221,West,Electronics,Camera,Camera Model 36,4,1838,0.15,6249.2,1584.13
248,2023-09-13,Customer 7,East,Furniture,Sofa,Sofa Model 92,2,1708,0.15,2903.6,439.02
249,2023-03-03,Customer 219,North,Furniture,Table,Table Model 79,5,2845,0.0,14225.0,750.48
250,2023-08-30,Customer 213,North,Electronics,Laptop,Laptop Model 82,2,1100,0.0,2200.0,287.93
251,2023-07-10,Customer 256,East,Electronics,Mobile,Mobile Model 26,4,664,0.1,2390.4,278.39
252,2023-08-15,Customer 233,North,Furniture,Bed,Bed Model 52,2,4919,0.15,8362.3,1780.56
253,2023-01-17,Customer 120,North,Electronics,Laptop,Laptop Model 41,2,2644,0.0,5288.0,1527.35
254,2023-08-30,Customer 232,North,Electronics,Laptop,Laptop Model 28,4,3831,0.0,15324.0,1836.46
255,2023-03-20,Customer 173,East,Clothing,Jacket,Jacket Model 69,2,975,0.1,1755.0,285.24
256,2023-03-28,Customer 43,North,Electronics,Headphones,Headphones Model 51,5,1231,0.0,6155.0,366.26
257,2023-11-10,Customer 228,East,Clothing,Shoes,Shoes Model 52,1,1868,0.15,1587.8,372.14
258,2023-09-18,Customer 8,West,Clothing,Jacket,Jacket Model 10,3,762,0.1,2057.4,314.85
259,2023-11-25,Customer 49,West,Furniture,Sofa,Sofa Model 68,4,1446,0.15,4916.4,1191.27
260,2023-09-12,Customer 266,North,Furniture,Chair,Chair Model 36,1,4512,0.05,4286.4,726.82
261,2023-12-17,Customer 288,West,Clothing,Shoes,Shoes Model 98,2,2621,0.0,5242.0,1025.36
262,2023-06-02,Customer 124,South,Clothing,Jeans,Jeans Model 89,1,1135,0.05,1078.25,114.46
263,2023-10-15,Customer 174,North,Furniture,Table,Table Model 21,4,2661,0.15,9047.4,727.19
264,2023-05-29,Customer 126,West,Clothing,Jeans,Jeans Model 46,1,1456,0.1,1310.4,148.15
265,2023-05-30,Customer 235,North,Furniture,Sofa,Sofa Model 22,4,1959,0.1,7052.4,916.92
266,2023-02-19,Customer 95,East,Electronics,Mobile,Mobile Model 23,2,4508,0.1,8114.4,592.09
267,2023-01-03,Customer 191,South,Electronics,Laptop,Laptop Model 19,3,2668,0.0,8004.0,1887.79
268,2023-05-16,Customer 186,West,Clothing,Shirt,Shirt Model 72,4,1504,0.15,5113.6,810.25
269,2023-08-12,Customer 10,North,Electronics,Camera,Camera Model 46,5,714,0.0,3570.0,426.53
270,2023-03-27,Customer 234,South,Clothing,Jacket,Jacket Model 58,3,3337,0.0,10011.0,1439.73
271,2023-01-20,Customer 75,West,Furniture,Bed,Bed Model 95,1,1237,0.0,1237.0,358.13
272,2023-05-12,Customer 20,South,Clothing,Jeans,Jeans Model 24,3,1324,0.05,3773.4,536.11
273,2023-12-25,Customer 202,South,Furniture,Sofa,Sofa Model 46,2,2028,0.05,3853.2,590.14
274,2023-08-09,Customer 14,East,Electronics,Mobile,Mobile Model 88,4,2520,0.1,9072.0,2436.43
275,2023-06-11,Customer 158,South,Electronics,Camera,Camera Model 19,2,3147,0.15,5349.9,1074.64
276,2023-07-30,Customer 152,North,Clothing,Shoes,Shoes Model 76,4,3162,0.0,12648.0,2644.98
277,2023-06-22,Customer 228,South,Furniture,Table,Table Model 55,5,3174,0.15,13489.5,2418.9
278,2023-09-08,Customer 251,East,Electronics,Headphones,Headphones Model 75,1,1369,0.1,1232.1,129.56
279,2023-05-28,Customer 240,East,Electronics,Camera,Camera Model 91,5,4456,0.0,22280.0,4665.17
280,2023-11-21,Customer 61,South,Clothing,Jeans,Jeans Model 50,4,274,0.1,986.4,190.34
281,2023-07-17,Customer 51,North,Clothing,Shirt,Shirt Model 19,3,3896,0.05,11103.6,2863.89
282,2023-02-18,Customer 74,West,Furniture,Sofa,Sofa Model 5,2,4876,0.0,9752.0,1613.3
283,2023-05-09,Customer 280,North,Furniture,Table,Table Model 70,4,4933,0.1,17758.8,4901.04
284,2023-06-01,Customer 36,North,Electronics,Laptop,Laptop Model 30,4,4483,0.0,17932.0,4265.01
285,2023-04-30,Customer 182,East,Furniture,Table,Table Model 89,4,362,0.1,1303.2,360.42
286,2023-04-17,Customer 84,South,Electronics,Laptop,Laptop Model 57,4,1040,0.0,4160.0,1095.21
287,2023-05-07,Customer 160,West,Electronics,Camera,Camera Model 75,2,4200,0.1,7560.0,1034.48
288,2023-05-22,Customer 165,South,Clothing,Shoes,Shoes Model 21,5,1649,0.05,7832.75,1211.71
289,2023-11-01,Customer 161,South,Furniture,Chair,Chair Model 68,3,3870,0.05,11029.5,1078.66
290,2023-06-01,Customer 61,North,Clothing,Jeans,Jeans Model 98,1,797,0.1,717.3,133.62
291,2023-07-17,Customer 98,North,Furniture,Sofa,Sofa Model 74,1,3869,0.0,3869.0,719.19
292,2023-05-05,Customer 167,South,Electronics,Mobile,Mobile Model 76,2,3337,0.05,6340.3,1049.79
293,2023-08-31,Customer 49,West,Clothing,Shoes,Shoes Model 32,4,4866,0.05,18490.8,5445.83
294,2023-08-02,Customer 143,West,Clothing,Shirt,Shirt Model 85,4,1377,0.1,4957.2,1187.78
295,2023-06-17,Customer 58,West,Clothing,Jeans,Jeans Model 26,4,981,0.1,3531.6,1012.37
296,2023-02-11,Customer 227,South,Electronics,Headphones,Headphones Model 39,2,4170,0.15,7089.0,854.99
297,2023-03-15,Customer 8,West,Clothing,Shirt,Shirt Model 92,3,4602,0.1,12425.4,1254.24
298,2023-04-14,Customer 210,South,Electronics,Camera,Camera Model 60,5,4854,0.1,21843.0,6089.23
299,2023-09-16,Customer 283,South,Furniture,Bed,Bed Model 40,2,3022,0.15,5137.4,1357.79
300,2023-04-11,Customer 176,East,Furniture,Chair,Chair Model 4,4,3400,0.1,12240.0,1175.73
301,2023-10-29,Customer 16,North,Furniture,Table,Table Model 63,3,2791,0.0,8373.0,2100.79
302,2023-09-17,Customer 102,South,Electronics,Headphones,Headphones Model 95,5,3804,0.05,18069.0,3770.42
303,2023-10-08,Customer 154,South,Clothing,Jacket,Jacket Model 5,3,1760,0.1,4752.0,864.15
304,2023-05-14,Customer 211,West,Clothing,Shirt,Shirt Model 44,4,464,0.15,1577.6,441.02
305,2023-08-01,Customer 216,South,Electronics,Headphones,Headphones Model 86,2,3190,0.15,5423.0,893.8
306,2023-06-05,Customer 248,South,Clothing,Shoes,Shoes Model 62,4,2021,0.05,7679.8,853.11
307,2023-12-04,Customer 75,North,Electronics,Mobile,Mobile Model 23,3,1915,0.05,5457.75,747.63
308,2023-10-16,Customer 212,North,Furniture,Chair,Chair Model 16,5,1874,0.05,8901.5,2623.95
309,2023-07-20,Customer 148,West,Furniture,Table,Table Model 1,3,1135,0.15,2894.25,195.1
310,2023-05-23,Customer 191,North,Clothing,Jacket,Jacket Model 99,3,641,0.0,1923.0,199.77
311,2023-02-08,Customer 252,North,Electronics,Mobile,Mobile Model 79,5,3573,0.15,15185.25,4321.36
312,2023-04-01,Customer 46,South,Furniture,Sofa,Sofa Model 14,1,4941,0.1,4446.9,222.55
313,2023-10-08,Customer 270,South,Electronics,Camera,Camera Model 87,3,4117,0.1,11115.9,1730.05
314,2023-10-02,Customer 201,West,Furniture,Bed,Bed Model 84,1,4378,0.05,4159.1,1154.95
315,2023-10-02,Customer 120,South,Electronics,Headphones,Headphones Model 53,1,3010,0.15,2558.5,658.43
316,2023-11-04,Customer 89,South,Electronics,Camera,Camera Model 75,1,485,0.0,485.0,25.75
317,2023-03-09,Customer 264,South,Electronics,Headphones,Headphones Model 86,1,2581,0.05,2451.95,489.66
318,2023-09-25,Customer 35,East,Electronics,Camera,Camera Model 64,5,1285,0.0,6425.0,779.5
319,2023-12-23,Customer 172,North,Furniture,Table,Table Model 73,5,860,0.0,4300.0,486.23
320,2023-03-06,Customer 8,North,Electronics,Mobile,Mobile Model 87,4,1258,0.0,5032.0,332.98
321,2023-12-27,Customer 147,South,Clothing,Shoes,Shoes Model 52,4,3859,0.05,14664.2,3570.29
322,2023-06-28,Customer 132,East,Electronics,Laptop,Laptop Model 71,5,1773,0.15,7535.25,1862.72
323,2023-06-11,Customer 257,West,Furniture,Bed,Bed Model 87,5,778,0.05,3695.5,427.45
324,2023-09-19,Customer 218,East,Furniture,Table,Table Model 8,1,3993,0.0,3993.0,239.35
325,2023-12-21,Customer 142,East,Clothing,Shoes,Shoes Model 48,2,4736,0.0,9472.0,1593.6
326,2023-07-09,Customer 136,East,Electronics,Camera,Camera Model 20,1,4996,0.05,4746.2,1250.79
327,2023-04-16,Customer 233,North,Electronics,Laptop,Laptop Model 88,5,4028,0.0,20140.0,2107.2
328,2023-07-02,Customer 41,East,Electronics,Mobile,Mobile Model 13,1,1055,0.0,1055.0,143.8
329,2023-01-01,Customer 168,West,Clothing,Jeans,Jeans Model 19,3,1556,0.1,4201.2,498.61
330,2023-10-28,Customer 90,East,Electronics,Mobile,Mobile Model 92,5,3539,0.0,17695.0,2253.34
331,2023-08-03,Customer 177,East,Furniture,Chair,Chair Model 84,1,373,0.1,335.7,77.01
332,2023-03-23,Customer 147,East,Furniture,Table,Table Model 28,2,1189,0.0,2378.0,390.13
333,2023-09-15,Customer 285,North,Electronics,Mobile,Mobile Model 74,4,3649,0.1,13136.4,1821.92
334,2023-02-20,Customer 118,North,Furniture,Sofa,Sofa Model 39,3,2196,0.05,6258.6,1098.62
335,2023-12-16,Customer 296,South,Clothing,Shoes,Shoes Model 81,3,4924,0.05,14033.4,2561.07
336,2023-10-28,Customer 213,South,Electronics,Laptop,Laptop Model 49,4,2666,0.1,9597.6,1645.99
337,2023-10-04,Customer 107,South,Clothing,Jacket,Jacket Model 36,1,1631,0.0,1631.0,109.03
338,2023-07-07,Customer 288,East,Clothing,Shirt,Shirt Model 67,1,4220,0.05,4009.0,991.21
339,2023-04-10,Customer 167,South,Clothing,Shirt,Shirt Model 56,3,2241,0.1,6050.7,1211.76
340,2023-05-28,Customer 275,North,Electronics,Headphones,Headphones Model 74,4,1791,0.0,7164.0,977.67
341,2023-11-01,Customer 294,West,Furniture,Bed,Bed Model 69,3,3254,0.1,8785.8,2178.26
342,2023-01-31,Customer 113,North,Furniture,Bed,Bed Model 50,4,1663,0.15,5654.2,1073.86
343,2023-06-03,Customer 155,South,Electronics,Laptop,Laptop Model 64,3,3850,0.1,10395.0,872.63
344,2023-09-02,Customer 30,South,Clothing,Jeans,Jeans Model 37,3,2041,0.05,5816.85,1390.54
345,2023-07-20,Customer 285,North,Furniture,Bed,Bed Model 59,5,3358,0.05,15950.5,3201.84
346,2023-10-05,Customer 68,North,Clothing,Jeans,Jeans Model 37,4,2136,0.0,8544.0,2500.71
347,2023-12-09,Customer 42,South,Electronics,Mobile,Mobile Model 32,5,2921,0.0,14605.0,3512.14
348,2023-01-21,Customer 139,East,Electronics,Headphones,Headphones Model 68,2,540,0.05,1026.0,225.05
349,2023-04-21,Customer 139,West,Clothing,Shirt,Shirt Model 51,4,1503,0.0,6012.0,968.0
350,2023-09-06,Customer 152,South,Electronics,Mobile,Mobile Model 19,3,4035,0.05,11499.75,2367.24
351,2023-04-11,Customer 164,South,Electronics,Headphones,Headphones Model 19,5,2767,0.15,11759.75,3094.45
352,2023-06-22,Customer 47,West,Clothing,Shoes,Shoes Model 21,3,1340,0.05,3819.0,880.42
353,2023-02-15,Customer 12,South,Furniture,Sofa,Sofa Model 17,4,1176,0.15,3998.4,475.58
354,2023-03-11,Customer 183,South,Clothing,Jacket,Jacket Model 75,2,2867,0.15,4873.9,1163.18
355,2023-06-28,Customer 219,South,Electronics,Laptop,Laptop Model 92,3,4999,0.0,14997.0,2108.08
356,2023-11-25,Customer 116,North,Clothing,Jacket,Jacket Model 81,4,1102,0.0,4408.0,745.48
357,2023-10-21,Customer 13,East,Electronics,Mobile,Mobile Model 61,1,4135,0.15,3514.75,230.62
358,2023-06-20,Customer 54,South,Clothing,Jacket,Jacket Model 42,2,2727,0.05,5181.3,1149.89
359,2023-10-13,Customer 57,South,Furniture,Chair,Chair Model 47,4,3952,0.15,13436.8,3134.31
360,2023-11-23,Customer 30,East,Clothing,Jacket,Jacket Model 67,2,2511,0.05,4770.9,1226.68
361,2023-05-21,Customer 232,West,Electronics,Camera,Camera Model 5,1,1772,0.0,1772.0,119.18
362,2023-04-14,Customer 23,North,Electronics,Headphones,Headphones Model 34,1,3947,0.1,3552.3,722.54
363,2023-12-21,Customer 72,East,Furniture,Table,Table Model 14,4,613,0.1,2206.8,146.76
364,2023-12-24,Customer 16,South,Electronics,Mobile,Mobile Model 40,2,2292,0.0,4584.0,344.88
365,2023-04-21,Customer 290,East,Electronics,Headphones,Headphones Model 67,2,4745,0.05,9015.5,1358.8
366,2023-10-22,Customer 233,South,Clothing,Jeans,Jeans Model 53,3,3901,0.0,11703.0,2291.62
367,2023-01-31,Customer 183,East,Electronics,Mobile,Mobile Model 32,3,4058,0.0,12174.0,2920.58
368,2023-01-14,Customer 178,West,Furniture,Table,Table Model 53,2,1789,0.15,3041.3,636.46
369,2023-01-12,Customer 119,East,Clothing,Jeans,Jeans Model 78,4,1428,0.1,5140.8,1253.51
370,2023-10-01,Customer 96,South,Furniture,Table,Table Model 38,2,1464,0.05,2781.6,683.59
371,2023-11-16,Customer 157,West,Electronics,Headphones,Headphones Model 11,2,2637,0.0,5274.0,1503.68
372,2023-04-10,Customer 141,East,Electronics,Mobile,Mobile Model 49,3,4432,0.1,11966.4,3190.68
373,2023-08-06,Customer 217,West,Furniture,Bed,Bed Model 55,4,3692,0.0,14768.0,3274.88
374,2023-01-24,Customer 11,North,Furniture,Sofa,Sofa Model 68,5,4188,0.1,18846.0,4081.97
375,2023-05-20,Customer 293,South,Clothing,Shirt,Shirt Model 17,1,4828,0.15,4103.8,1007.3
376,2023-05-26,Customer 256,South,Electronics,Laptop,Laptop Model 99,4,1223,0.0,4892.0,826.71
377,2023-01-31,Customer 16,North,Electronics,Camera,Camera Model 73,1,2457,0.0,2457.0,627.87
378,2023-08-25,Customer 162,North,Furniture,Sofa,Sofa Model 88,1,3371,0.0,3371.0,804.0
379,2023-11-06,Customer 65,West,Clothing,Shoes,Shoes Model 21,2,1139,0.0,2278.0,502.41
380,2023-02-22,Customer 44,East,Clothing,Jacket,Jacket Model 53,5,2296,0.05,10906.0,2677.46
381,2023-12-03,Customer 138,East,Furniture,Table,Table Model 25,5,3948,0.05,18753.0,2519.21
382,2023-01-29,Customer 171,North,Clothing,Jacket,Jacket Model 60,1,4051,0.05,3848.45,448.99
383,2023-06-24,Customer 104,West,Furniture,Table,Table Model 58,1,4123,0.1,3710.7,903.55
384,2023-05-14,Customer 224,North,Clothing,Jeans,Jeans Model 25,5,2422,0.05,11504.5,1632.87
385,2023-01-12,Customer 16,West,Electronics,Headphones,Headphones Model 43,2,2766,0.15,4702.2,989.65
386,2023-06-09,Customer 264,North,Electronics,Camera,Camera Model 87,5,3918,0.15,16651.5,4358.78
387,2023-07-14,Customer 157,South,Electronics,Camera,Camera Model 98,5,3485,0.1,15682.5,1971.74
388,2023-04-29,Customer 133,West,Electronics,Headphones,Headphones Model 96,4,1441,0.15,4899.4,1418.12
389,2023-03-31,Customer 199,South,Furniture,Sofa,Sofa Model 57,4,477,0.0,1908.0,193.18
390,2023-03-09,Customer 49,East,Furniture,Chair,Chair Model 52,2,660,0.0,1320.0,240.0
391,2023-06-23,Customer 242,South,Furniture,Bed,Bed Model 5,4,1792,0.1,6451.2,420.34
392,2023-01-15,Customer 224,North,Electronics,Headphones,Headphones Model 21,1,3193,0.05,3033.35,553.33
393,2023-01-03,Customer 6,North,Furniture,Chair,Chair Model 8,2,2549,0.0,5098.0,839.38
394,2023-11-29,Customer 50,East,Electronics,Headphones,Headphones Model 95,4,3432,0.0,13728.0,4053.85
395,2023-11-16,Customer 187,South,Furniture,Chair,Chair Model 62,4,2090,0.15,7106.0,2122.6
396,2023-11-07,Customer 154,South,Electronics,Camera,Camera Model 4,3,556,0.0,1668.0,466.78
397,2023-09-02,Customer 247,West,Clothing,Shirt,Shirt Model 13,3,3625,0.0,10875.0,3154.12
398,2023-02-08,Customer 81,East,Furniture,Bed,Bed Model 84,4,4790,0.05,18202.0,3825.22
399,2023-03-15,Customer 36,North,Furniture,Table,Table Model 92,5,285,0.15,1211.25,64.23
400,2023-02-24,Customer 91,South,Furniture,Sofa,Sofa Model 27,3,2417,0.15,6163.35,582.26
401,2023-08-16,Customer 265,South,Electronics,Mobile,Mobile Model 27,3,4147,0.0,12441.0,623.43
402,2023-08-29,Customer 117,South,Furniture,Sofa,Sofa Model 35,1,3943,0.0,3943.0,947.31
403,2023-06-22,Customer 116,North,Clothing,Shirt,Shirt Model 84,3,4129,0.05,11767.65,2418.37
404,2023-06-03,Customer 116,East,Electronics,Headphones,Headphones Model 10,2,3208,0.05,6095.2,1679.59
405,2023-10-05,Customer 237,North,Clothing,Jacket,Jacket Model 93,1,4400,0.0,4400.0,259.62
406,2023-03-17,Customer 282,East,Electronics,Camera,Camera Model 19,3,3071,0.1,8291.7,1300.76
407,2023-05-12,Customer 279,South,Electronics,Camera,Camera Model 84,2,4847,0.0,9694.0,1501.23
408,2023-05-27,Customer 112,East,Clothing,Jeans,Jeans Model 46,4,3380,0.0,13520.0,1538.94
409,2023-07-14,Customer 280,East,Furniture,Chair,Chair Model 40,3,470,0.1,1269.0,224.27
410,2023-11-19,Customer 290,North,Clothing,Shirt,Shirt Model 49,4,3807,0.15,12943.8,2765.61
411,2023-09-11,Customer 181,South,Clothing,Shirt,Shirt Model 41,4,478,0.0,1912.0,113.56
412,2023-11-09,Customer 138,West,Electronics,Mobile,Mobile Model 7,1,899,0.05,854.05,120.03
413,2023-06-28,Customer 38,East,Clothing,Jeans,Jeans Model 36,5,3588,0.15,15249.0,1640.86
414,2023-07-09,Customer 25,West,Clothing,Shirt,Shirt Model 27,5,3614,0.05,17166.5,2158.39
415,2023-08-16,Customer 39,West,Clothing,Jeans,Jeans Model 22,1,4791,0.1,4311.9,1293.08
416,2023-10-14,Customer 202,West,Electronics,Laptop,Laptop Model 59,5,2191,0.0,10955.0,1590.36
417,2023-08-02,Customer 273,West,Furniture,Sofa,Sofa Model 48,1,1176,0.1,1058.4,219.2
418,2023-11-17,Customer 191,North,Clothing,Shirt,Shirt Model 51,3,3164,0.0,9492.0,717.87
419,2023-07-17,Customer 1,East,Electronics,Mobile,Mobile Model 23,2,4399,0.1,7918.2,1809.96
420,2023-09-08,Customer 169,North,Furniture,Sofa,Sofa Model 73,5,1861,0.0,9305.0,1102.81
421,2023-03-04,Customer 49,West,Electronics,Laptop,Laptop Model 47,4,1531,0.0,6124.0,1617.56
422,2023-04-10,Customer 32,West,Electronics,Headphones,Headphones Model 68,1,4120,0.1,3708.0,632.68
423,2023-03-19,Customer 289,South,Furniture,Chair,Chair Model 34,3,242,0.15,617.1,50.04
424,2023-06-17,Customer 193,North,Electronics,Headphones,Headphones Model 27,4,3586,0.0,14344.0,3647.42
425,2023-07-23,Customer 80,East,Furniture,Bed,Bed Model 43,5,2055,0.05,9761.25,1836.84
426,2023-01-22,Customer 7,South,Furniture,Chair,Chair Model 56,4,651,0.15,2213.4,271.17
427,2023-11-24,Customer 124,North,Clothing,Jacket,Jacket Model 12,2,3262,0.1,5871.6,1215.41
428,2023-04-07,Customer 5,North,Furniture,Chair,Chair Model 28,3,2124,0.1,5734.8,876.93
429,2023-01-19,Customer 214,North,Furniture,Chair,Chair Model 66,3,3304,0.05,9416.4,668.37
430,2023-01-14,Customer 215,East,Furniture,Sofa,Sofa Model 54,4,3965,0.1,14274.0,2970.0
431,2023-08-06,Customer 62,North,Electronics,Camera,Camera Model 74,4,2961,0.0,11844.0,3495.07
432,2023-08-07,Customer 177,West,Electronics,Laptop,Laptop Model 71,2,1541,0.0,3082.0,722.64
433,2023-03-15,Customer 166,South,Clothing,Jacket,Jacket Model 26,2,407,0.05,773.3,94.24
434,2023-02-10,Customer 148,West,Clothing,Jacket,Jacket Model 19,3,4964,0.1,13402.8,3858.07
435,2023-07-26,Customer 283,South,Clothing,Jacket,Jacket Model 73,2,3049,0.05,5793.1,1687.26
436,2023-03-06,Customer 83,South,Electronics,Camera,Camera Model 89,1,4395,0.1,3955.5,788.79
437,2023-09-05,Customer 278,West,Furniture,Chair,Chair Model 98,3,4957,0.1,13383.9,3623.67
438,2023-03-09,Customer 7,North,Furniture,Chair,Chair Model 9,5,483,0.0,2415.0,130.04
439,2023-04-16,Customer 288,South,Clothing,Shirt,Shirt Model 48,2,3691,0.0,7382.0,1918.95
440,2023-09-01,Customer 127,North,Furniture,Chair,Chair Model 28,2,569,0.1,1024.2,162.23
441,2023-09-05,Customer 273,East,Clothing,Jacket,Jacket Model 41,4,3876,0.1,13953.6,3221.36
442,2023-05-31,Customer 111,West,Furniture,Table,Table Model 52,4,3951,0.1,14223.6,1419.77
443,2023-10-23,Customer 203,North,Clothing,Shoes,Shoes Model 50,1,4364,0.1,3927.6,439.46
444,2023-04-04,Customer 138,South,Clothing,Jeans,Jeans Model 38,2,1384,0.1,2491.2,495.0
445,2023-12-24,Customer 91,South,Clothing,Jacket,Jacket Model 8,4,2566,0.0,10264.0,2532.05
446,2023-10-22,Customer 284,North,Clothing,Jeans,Jeans Model 54,2,2756,0.05,5236.4,1308.73
447,2023-02-27,Customer 123,West,Electronics,Mobile,Mobile Model 40,2,4863,0.1,8753.4,1431.94
448,2023-03-04,Customer 150,West,Furniture,Bed,Bed Model 11,3,1558,0.15,3972.9,615.19
449,2023-11-06,Customer 88,West,Furniture,Chair,Chair Model 92,5,4551,0.1,20479.5,1311.59
450,2023-04-12,Customer 38,North,Clothing,Shirt,Shirt Model 29,3,3181,0.05,9065.85,1379.77
451,2023-04-19,Customer 84,East,Electronics,Mobile,Mobile Model 35,2,2268,0.05,4309.2,1165.31
452,2023-08-22,Customer 23,North,Electronics,Mobile,Mobile Model 21,4,2387,0.15,8115.8,1305.24
453,2023-10-29,Customer 32,East,Electronics,Headphones,Headphones Model 96,2,4127,0.0,8254.0,2121.52
454,2023-12-02,Customer 97,North,Electronics,Camera,Camera Model 85,2,1400,0.05,2660.0,313.55
455,2023-04-28,Customer 261,South,Electronics,Mobile,Mobile Model 87,3,2356,0.1,6361.2,872.9
456,2023-08-27,Customer 165,East,Electronics,Camera,Camera Model 13,3,3142,0.05,8954.7,1110.25
457,2023-05-14,Customer 108,South,Furniture,Bed,Bed Model 94,5,3518,0.15,14951.5,3973.26
458,2023-05-02,Customer 138,East,Furniture,Table,Table Model 36,1,920,0.05,874.0,79.92
459,2023-09-04,Customer 47,South,Furniture,Chair,Chair Model 19,2,3811,0.1,6859.8,763.76
460,2023-10-16,Customer 19,East,Furniture,Sofa,Sofa Model 74,4,2610,0.0,10440.0,1604.46
461,2023-05-21,Customer 246,North,Clothing,Jeans,Jeans Model 34,1,2148,0.05,2040.6,269.13
462,2023-11-13,Customer 295,West,Electronics,Camera,Camera Model 88,5,2807,0.0,14035.0,2441.05
463,2023-01-07,Customer 103,North,Furniture,Chair,Chair Model 65,5,1548,0.05,7353.0,2014.12
464,2023-01-29,Customer 117,East,Electronics,Laptop,Laptop Model 32,1,450,0.0,450.0,68.41
465,2023-11-08,Customer 93,North,Furniture,Bed,Bed Model 86,1,4093,0.15,3479.05,780.42
466,2023-07-25,Customer 147,South,Electronics,Headphones,Headphones Model 41,4,3194,0.05,12137.2,3008.69
467,2023-02-26,Customer 232,South,Electronics,Headphones,Headphones Model 51,3,4434,0.0,13302.0,2027.69
468,2023-12-01,Customer 220,West,Furniture,Bed,Bed Model 57,4,2998,0.0,11992.0,2827.36
469,2023-08-09,Customer 123,South,Electronics,Mobile,Mobile Model 93,2,2804,0.05,5327.6,843.72
470,2023-03-03,Customer 132,East,Clothing,Jacket,Jacket Model 60,3,405,0.15,1032.75,208.72
471,2023-02-18,Customer 159,West,Clothing,Jeans,Jeans Model 98,3,3506,0.05,9992.1,2152.51
472,2023-11-10,Customer 295,West,Electronics,Camera,Camera Model 58,1,2155,0.15,1831.75,286.7
473,2023-04-02,Customer 265,East,Electronics,Headphones,Headphones Model 92,5,243,0.0,1215.0,178.19
474,2023-10-04,Customer 64,South,Furniture,Chair,Chair Model 36,2,2648,0.15,4501.6,1078.94
475,2023-06-19,Customer 269,East,Furniture,Chair,Chair Model 54,5,1693,0.05,8041.75,716.67
476,2023-07-23,Customer 138,West,Clothing,Shirt,Shirt Model 11,5,1154,0.05,5481.5,856.28
477,2023-12-12,Customer 279,South,Clothing,Shoes,Shoes Model 62,1,4001,0.05,3800.95,317.05
478,2023-08-10,Customer 61,North,Electronics,Camera,Camera Model 94,1,4534,0.1,4080.6,1162.02
479,2023-12-22,Customer 278,South,Electronics,Camera,Camera Model 53,4,4188,0.05,15914.4,1903.59
480,2023-12-06,Customer 204,North,Clothing,Jacket,Jacket Model 28,4,2014,0.1,7250.4,702.79
481,2023-01-05,Customer 120,South,Electronics,Mobile,Mobile Model 50,5,4700,0.15,19975.0,2214.21
482,2023-04-14,Customer 77,South,Furniture,Chair,Chair Model 18,3,3775,0.15,9626.25,2253.09
483,2023-06-25,Customer 27,West,Furniture,Bed,Bed Model 12,3,1405,0.0,4215.0,281.62
484,2023-06-12,Customer 143,West,Clothing,Shirt,Shirt Model 13,3,2705,0.1,7303.5,2186.72
485,2023-10-31,Customer 291,South,Electronics,Headphones,Headphones Model 38,4,2706,0.1,9741.6,2555.17
486,2023-07-02,Customer 207,West,Clothing,Jeans,Jeans Model 58,2,3704,0.15,6296.8,801.2
487,2023-03-09,Customer 61,North,Clothing,Jacket,Jacket Model 19,5,3396,0.05,16131.0,2381.72
488,2023-02-17,Customer 211,East,Clothing,Jeans,Jeans Model 24,2,772,0.1,1389.6,270.57
489,2023-02-20,Customer 149,West,Clothing,Jeans,Jeans Model 50,2,2787,0.0,5574.0,1160.89
490,2023-07-22,Customer 288,East,Furniture,Chair,Chair Model 61,2,3739,0.05,7104.1,1408.67
491,2023-12-09,Customer 59,East,Furniture,Sofa,Sofa Model 89,2,1298,0.0,2596.0,539.74
492,2023-11-23,Customer 260,North,Electronics,Laptop,Laptop Model 15,2,1117,0.1,2010.6,476.41
493,2023-04-22,Customer 59,East,Furniture,Table,Table Model 79,2,4388,0.05,8337.2,770.62
494,2023-11-18,Customer 293,North,Furniture,Bed,Bed Model 66,3,3455,0.05,9846.75,1481.66
495,2023-05-28,Customer 8,North,Furniture,Table,Table Model 40,3,3123,0.15,7963.65,1580.95
496,2023-05-24,Customer 235,East,Furniture,Table,Table Model 80,1,4935,0.15,4194.75,1133.6
497,2023-06-28,Customer 212,North,Electronics,Headphones,Headphones Model 81,3,3527,0.1,9522.9,774.26
498,2023-10-03,Customer 231,North,Clothing,Jacket,Jacket Model 12,1,1430,0.1,1287.0,314.0
499,2023-04-08,Customer 71,West,Electronics,Mobile,Mobile Model 58,2,1124,0.1,2023.2,380.3
500,2023-02-21,Customer 271,North,Furniture,Sofa,Sofa Model 84,4,4345,0.05,16511.0,4715.47
501,2023-12-26,Customer 110,West,Clothing,Shirt,Shirt Model 8,1,783,0.15,665.55,34.73
502,2023-05-05,Customer 13,West,Electronics,Laptop,Laptop Model 36,4,849,0.1,3056.4,432.17
503,2023-12-10,Customer 278,South,Electronics,Laptop,Laptop Model 31,4,3494,0.05,13277.2,1801.2
504,2023-07-11,Customer 266,West,Clothing,Jacket,Jacket Model 24,4,3573,0.15,12148.2,1081.13
505,2023-11-09,Customer 106,North,Clothing,Shoes,Shoes Model 56,4,3416,0.0,13664.0,2253.14
506,2023-04-16,Customer 271,East,Furniture,Chair,Chair Model 63,5,887,0.05,4213.25,913.45
507,2023-05-28,Customer 218,East,Clothing,Jacket,Jacket Model 85,5,3096,0.15,13158.0,3583.97
508,2023-07-30,Customer 249,East,Furniture,Chair,Chair Model 48,1,646,0.15,549.1,93.78
509,2023-12-31,Customer 229,South,Furniture,Bed,Bed Model 83,4,386,0.0,1544.0,275.55
510,2023-05-12,Customer 39,West,Electronics,Mobile,Mobile Model 25,4,2081,0.05,7907.8,1670.02
511,2023-02-22,Customer 222,East,Electronics,Camera,Camera Model 28,3,3462,0.05,9866.7,2601.61
512,2023-07-19,Customer 247,West,Clothing,Shirt,Shirt Model 62,2,919,0.05,1746.1,350.9
513,2023-03-17,Customer 177,East,Electronics,Laptop,Laptop Model 31,3,3153,0.1,8513.1,2328.3
514,2023-10-14,Customer 254,North,Electronics,Headphones,Headphones Model 84,5,507,0.0,2535.0,142.74
515,2023-04-24,Customer 276,West,Clothing,Jacket,Jacket Model 77,4,4820,0.0,19280.0,5160.62
516,2023-09-30,Customer 58,West,Electronics,Laptop,Laptop Model 91,4,4776,0.0,19104.0,2632.62
517,2023-08-17,Customer 156,North,Electronics,Headphones,Headphones Model 61,3,3745,0.1,10111.5,2801.98
518,2023-04-06,Customer 221,South,Clothing,Jeans,Jeans Model 94,2,1112,0.05,2112.8,633.61
519,2023-04-26,Customer 143,North,Furniture,Chair,Chair Model 52,3,1847,0.1,4986.9,1055.48
520,2023-11-09,Customer 137,South,Furniture,Bed,Bed Model 1,5,2631,0.15,11181.75,1337.54
521,2023-05-20,Customer 237,South,Clothing,Jacket,Jacket Model 57,2,3991,0.0,7982.0,1069.6
522,2023-07-09,Customer 139,East,Clothing,Jeans,Jeans Model 43,4,1544,0.1,5558.4,1391.61
523,2023-12-07,Customer 56,South,Clothing,Shirt,Shirt Model 86,1,2663,0.05,2529.85,554.92
524,2023-07-19,Customer 233,North,Furniture,Table,Table Model 99,5,692,0.15,2941.0,464.03
525,2023-04-14,Customer 156,East,Clothing,Jacket,Jacket Model 17,1,3420,0.1,3078.0,379.96
526,2023-09-01,Customer 68,South,Furniture,Sofa,Sofa Model 90,4,4233,0.05,16085.4,4613.14
527,2023-10-15,Customer 105,West,Electronics,Headphones,Headphones Model 60,4,2305,0.0,9220.0,484.71
528,2023-10-11,Customer 210,West,Furniture,Sofa,Sofa Model 40,2,1578,0.05,2998.2,209.08
529,2023-05-17,Customer 184,West,Electronics,Headphones,Headphones Model 31,4,4767,0.15,16207.8,2645.17
530,2023-09-07,Customer 118,South,Clothing,Jeans,Jeans Model 73,5,736,0.1,3312.0,580.86
531,2023-10-10,Customer 113,East,Furniture,Bed,Bed Model 35,2,4447,0.0,8894.0,699.95
532,2023-05-12,Customer 87,West,Electronics,Mobile,Mobile Model 55,4,2598,0.05,9872.4,2703.96
533,2023-05-29,Customer 116,South,Electronics,Laptop,Laptop Model 85,1,1801,0.05,1710.95,487.72
534,2023-09-07,Customer 25,North,Furniture,Chair,Chair Model 88,1,2541,0.0,2541.0,440.11
535,2023-12-30,Customer 91,South,Electronics,Laptop,Laptop Model 21,5,2317,0.0,11585.0,710.3
536,2023-06-29,Customer 200,East,Clothing,Jeans,Jeans Model 75,3,3823,0.05,10895.55,2071.73
537,2023-02-25,Customer 237,South,Electronics,Camera,Camera Model 93,5,3508,0.0,17540.0,2911.56
538,2023-07-07,Customer 30,East,Electronics,Mobile,Mobile Model 92,3,2999,0.05,8547.15,2006.16
539,2023-08-08,Customer 94,North,Clothing,Jeans,Jeans Model 95,5,1090,0.15,4632.5,574.84
540,2023-10-05,Customer 40,North,Furniture,Chair,Chair Model 1,2,1787,0.0,3574.0,797.01
541,2023-01-22,Customer 166,East,Electronics,Mobile,Mobile Model 80,2,1649,0.0,3298.0,779.3
542,2023-05-25,Customer 166,North,Furniture,Sofa,Sofa Model 78,1,4824,0.05,4582.8,468.66
543,2023-11-06,Customer 283,North,Electronics,Laptop,Laptop Model 31,3,1462,0.15,3728.1,939.86
544,2023-02-27,Customer 217,South,Electronics,Camera,Camera Model 26,3,1283,0.05,3656.55,803.71
545,2023-08-30,Customer 146,West,Clothing,Shirt,Shirt Model 17,2,3803,0.05,7225.7,652.51
546,2023-01-19,Customer 63,East,Electronics,Laptop,Laptop Model 35,5,3150,0.15,13387.5,1469.76
547,2023-05-02,Customer 44,West,Electronics,Headphones,Headphones Model 24,3,2139,0.15,5454.45,1201.82
548,2023-12-21,Customer 288,West,Electronics,Mobile,Mobile Model 13,1,3598,0.1,3238.2,940.91
549,2023-10-23,Customer 187,West,Furniture,Table,Table Model 92,5,4758,0.1,21411.0,2612.17
550,2023-10-14,Customer 259,South,Furniture,Bed,Bed Model 8,5,1507,0.15,6404.75,1728.21
551,2023-03-12,Customer 103,South,Clothing,Jacket,Jacket Model 57,1,3758,0.0,3758.0,973.79
552,2023-08-09,Customer 60,South,Clothing,Jeans,Jeans Model 43,2,3501,0.05,6651.9,404.19
553,2023-04-18,Customer 4,North,Furniture,Chair,Chair Model 23,5,2597,0.05,12335.75,3525.48
554,2023-04-06,Customer 229,South,Furniture,Bed,Bed Model 84,2,3417,0.1,6150.6,1051.78
555,2023-10-26,Customer 96,West,Furniture,Bed,Bed Model 63,3,4742,0.1,12803.4,3292.04
556,2023-10-18,Customer 22,North,Electronics,Mobile,Mobile Model 84,3,2663,0.05,7589.55,1936.15
557,2023-11-12,Customer 76,East,Furniture,Bed,Bed Model 14,3,1172,0.1,3164.4,775.43
558,2023-05-05,Customer 175,North,Electronics,Laptop,Laptop Model 47,1,1040,0.1,936.0,62.17
559,2023-01-25,Customer 74,South,Clothing,Jeans,Jeans Model 58,1,3171,0.05,3012.45,279.36
560,2023-02-17,Customer 226,South,Furniture,Sofa,Sofa Model 99,1,1248,0.05,1185.6,106.59
561,2023-03-05,Customer 258,West,Clothing,Jacket,Jacket Model 42,5,4980,0.1,22410.0,1879.41
562,2023-07-06,Customer 144,South,Furniture,Table,Table Model 57,3,983,0.0,2949.0,154.59
563,2023-09-03,Customer 130,South,Clothing,Jacket,Jacket Model 59,2,275,0.15,467.5,69.85
564,2023-01-17,Customer 63,North,Clothing,Jacket,Jacket Model 81,4,2259,0.0,9036.0,2332.11
565,2023-04-28,Customer 175,West,Electronics,Camera,Camera Model 30,5,289,0.15,1228.25,120.75
566,2023-10-20,Customer 285,East,Clothing,Shoes,Shoes Model 15,2,1294,0.0,2588.0,692.7
567,2023-06-14,Customer 27,East,Clothing,Jeans,Jeans Model 29,4,4756,0.05,18072.8,1846.08
568,2023-05-26,Customer 30,North,Electronics,Laptop,Laptop Model 19,4,4169,0.05,15842.2,1289.42
569,2023-12-22,Customer 22,West,Clothing,Jeans,Jeans Model 52,5,3698,0.05,17565.5,5164.4
570,2023-10-15,Customer 50,South,Clothing,Shoes,Shoes Model 5,1,3606,0.0,3606.0,307.51
571,2023-10-27,Customer 290,North,Clothing,Jeans,Jeans Model 42,3,3948,0.05,11251.8,2450.84
572,2023-06-12,Customer 189,East,Electronics,Laptop,Laptop Model 83,4,1370,0.05,5206.0,1293.45
573,2023-07-13,Customer 273,West,Clothing,Shirt,Shirt Model 16,2,4482,0.15,7619.4,1231.37
574,2023-12-07,Customer 4,East,Furniture,Sofa,Sofa Model 26,5,1126,0.1,5067.0,606.69
575,2023-12-14,Customer 47,West,Clothing,Jeans,Jeans Model 53,4,2854,0.0,11416.0,3110.61
576,2023-10-23,Customer 171,East,Furniture,Sofa,Sofa Model 67,2,1331,0.1,2395.8,195.23
577,2023-11-12,Customer 182,South,Clothing,Jeans,Jeans Model 84,3,2429,0.05,6922.65,1671.52
578,2023-11-29,Customer 42,East,Furniture,Bed,Bed Model 37,1,643,0.05,610.85,66.18
579,2023-10-10,Customer 41,West,Furniture,Bed,Bed Model 34,5,384,0.15,1632.0,367.76
580,2023-12-18,Customer 226,West,Furniture,Chair,Chair Model 20,2,4883,0.05,9277.7,495.62
581,2023-06-08,Customer 57,South,Clothing,Shoes,Shoes Model 66,2,4616,0.1,8308.8,1554.05
582,2023-12-25,Customer 280,North,Electronics,Headphones,Headphones Model 10,4,2860,0.15,9724.0,889.51
583,2023-11-10,Customer 150,West,Furniture,Table,Table Model 70,5,1951,0.05,9267.25,2317.29
584,2023-06-13,Customer 148,South,Electronics,Camera,Camera Model 38,5,4735,0.0,23675.0,3006.05
585,2023-05-29,Customer 104,East,Clothing,Jacket,Jacket Model 78,5,4418,0.15,18776.5,1961.63
586,2023-05-22,Customer 199,South,Clothing,Jacket,Jacket Model 32,4,1111,0.0,4444.0,961.08
587,2023-04-08,Customer 261,North,Clothing,Shoes,Shoes Model 27,1,880,0.05,836.0,233.75
588,2023-09-02,Customer 287,East,Clothing,Shoes,Shoes Model 17,3,2453,0.1,6623.1,1806.78
589,2023-11-22,Customer 95,South,Clothing,Jeans,Jeans Model 66,5,2538,0.0,12690.0,2266.63
590,2023-05-09,Customer 212,West,Electronics,Mobile,Mobile Model 87,4,2978,0.0,11912.0,1756.72
591,2023-07-12,Customer 58,North,Clothing,Jacket,Jacket Model 1,3,2775,0.1,7492.5,2044.18
592,2023-04-22,Customer 161,East,Electronics,Laptop,Laptop Model 60,5,1051,0.05,4992.25,988.84
593,2023-09-17,Customer 243,South,Clothing,Shirt,Shirt Model 19,3,1844,0.15,4702.2,1120.85
594,2023-03-27,Customer 52,East,Furniture,Sofa,Sofa Model 53,5,370,0.0,1850.0,404.09
595,2023-10-25,Customer 240,East,Electronics,Laptop,Laptop Model 26,3,2458,0.15,6267.9,510.13
596,2023-07-30,Customer 240,East,Clothing,Jacket,Jacket Model 51,5,1123,0.0,5615.0,401.52
597,2023-10-21,Customer 98,East,Clothing,Jacket,Jacket Model 19,3,2913,0.05,8302.05,2117.16
598,2023-11-24,Customer 52,South,Furniture,Table,Table Model 47,4,1443,0.0,5772.0,1698.46
599,2023-12-24,Customer 140,East,Clothing,Jacket,Jacket Model 51,5,3595,0.0,17975.0,4046.32
600,2023-03-30,Customer 118,South,Electronics,Mobile,Mobile Model 57,5,799,0.15,3395.75,218.08
601,2023-08-03,Customer 279,South,Furniture,Bed,Bed Model 28,3,565,0.05,1610.25,246.48
602,2023-12-19,Customer 164,South,Clothing,Jacket,Jacket Model 78,1,4833,0.0,4833.0,316.61
603,2023-04-03,Customer 173,East,Clothing,Jeans,Jeans Model 89,4,472,0.1,1699.2,276.86
604,2023-09-03,Customer 244,South,Clothing,Jeans,Jeans Model 38,2,706,0.1,1270.8,259.38
605,2023-06-18,Customer 138,North,Clothing,Shirt,Shirt Model 7,2,3790,0.05,7201.0,603.72
606,2023-07-07,Customer 4,North,Electronics,Laptop,Laptop Model 4,3,872,0.0,2616.0,237.1
607,2023-06-27,Customer 189,East,Clothing,Jeans,Jeans Model 8,2,1483,0.0,2966.0,179.42
608,2023-10-26,Customer 283,West,Electronics,Camera,Camera Model 78,3,2539,0.05,7236.15,1320.54
609,2023-02-16,Customer 251,East,Electronics,Laptop,Laptop Model 31,4,707,0.0,2828.0,242.83
610,2023-07-22,Customer 66,West,Electronics,Mobile,Mobile Model 12,2,3915,0.05,7438.5,521.04
611,2023-09-14,Customer 87,South,Furniture,Bed,Bed Model 6,2,892,0.1,1605.6,457.95
612,2023-12-23,Customer 30,North,Furniture,Bed,Bed Model 42,3,1324,0.05,3773.4,736.42
613,2023-09-03,Customer 247,North,Electronics,Laptop,Laptop Model 33,5,1747,0.05,8298.25,1696.85
614,2023-06-21,Customer 274,East,Clothing,Jeans,Jeans Model 7,5,470,0.05,2232.5,471.03
615,2023-12-30,Customer 95,South,Clothing,Jeans,Jeans Model 11,4,621,0.0,2484.0,686.54
616,2023-01-25,Customer 185,North,Clothing,Jeans,Jeans Model 55,4,1673,0.15,5688.2,1614.56
617,2023-09-22,Customer 150,West,Clothing,Shoes,Shoes Model 69,4,423,0.15,1438.2,77.06
618,2023-09-08,Customer 295,South,Clothing,Shirt,Shirt Model 15,2,3324,0.15,5650.8,1465.31
619,2023-12-14,Customer 29,East,Clothing,Shirt,Shirt Model 35,3,2102,0.1,5675.4,545.49
620,2023-05-02,Customer 175,West,Furniture,Bed,Bed Model 51,5,3418,0.1,15381.0,2240.95
621,2023-01-09,Customer 15,East,Electronics,Headphones,Headphones Model 98,5,3287,0.0,16435.0,4908.24
622,2023-07-27,Customer 110,West,Electronics,Laptop,Laptop Model 56,1,1651,0.0,1651.0,218.92
623,2023-11-30,Customer 279,East,Electronics,Mobile,Mobile Model 6,2,3736,0.15,6351.2,513.31
624,2023-02-12,Customer 284,South,Clothing,Shirt,Shirt Model 59,3,3296,0.05,9393.6,2649.12
625,2023-04-21,Customer 137,West,Clothing,Shirt,Shirt Model 96,4,2426,0.15,8248.4,1259.51
626,2023-01-06,Customer 280,West,Electronics,Camera,Camera Model 94,1,2231,0.1,2007.9,586.21
627,2023-12-04,Customer 66,South,Electronics,Mobile,Mobile Model 45,5,4443,0.05,21104.25,4313.33
628,2023-09-06,Customer 203,East,Furniture,Sofa,Sofa Model 35,4,694,0.0,2776.0,333.54
629,2023-08-21,Customer 193,East,Clothing,Shirt,Shirt Model 43,2,4669,0.0,9338.0,991.36
630,2023-12-14,Customer 187,North,Clothing,Jeans,Jeans Model 19,3,2073,0.15,5286.15,1230.18
631,2023-04-09,Customer 98,East,Clothing,Shoes,Shoes Model 99,5,3397,0.0,16985.0,4913.75
632,2023-02-15,Customer 236,East,Furniture,Chair,Chair Model 86,4,4279,0.1,15404.4,2295.26
633,2023-04-25,Customer 64,East,Electronics,Laptop,Laptop Model 43,5,3760,0.0,18800.0,2605.57
634,2023-08-13,Customer 103,East,Clothing,Jacket,Jacket Model 91,5,690,0.05,3277.5,635.5
635,2023-06-19,Customer 135,South,Electronics,Camera,Camera Model 48,2,3359,0.1,6046.2,1553.12
636,2023-10-14,Customer 21,South,Clothing,Jeans,Jeans Model 40,3,4944,0.0,14832.0,2845.49
637,2023-04-02,Customer 28,North,Electronics,Mobile,Mobile Model 66,1,3931,0.0,3931.0,1092.78
638,2023-02-07,Customer 75,South,Electronics,Laptop,Laptop Model 66,2,496,0.05,942.4,261.05
639,2023-05-26,Customer 241,West,Clothing,Jacket,Jacket Model 88,5,1578,0.0,7890.0,574.83
640,2023-05-06,Customer 226,North,Electronics,Headphones,Headphones Model 19,1,4448,0.0,4448.0,772.31
641,2023-05-09,Customer 42,East,Clothing,Jacket,Jacket Model 97,1,4823,0.05,4581.85,1274.95
642,2023-02-14,Customer 134,North,Furniture,Bed,Bed Model 70,4,1662,0.05,6315.6,799.58
643,2023-01-30,Customer 244,South,Electronics,Camera,Camera Model 60,3,2798,0.1,7554.6,702.26
644,2023-05-17,Customer 154,West,Electronics,Mobile,Mobile Model 81,4,4486,0.15,15252.4,3313.11
645,2023-04-21,Customer 258,North,Clothing,Jacket,Jacket Model 13,1,3532,0.15,3002.2,756.34
646,2023-03-08,Customer 191,South,Furniture,Chair,Chair Model 9,2,3460,0.1,6228.0,518.37
647,2023-06-13,Customer 141,West,Furniture,Chair,Chair Model 37,3,2732,0.0,8196.0,460.24
648,2023-03-01,Customer 279,East,Furniture,Bed,Bed Model 40,1,398,0.05,378.1,83.23
649,2023-08-11,Customer 89,East,Clothing,Shirt,Shirt Model 50,5,3477,0.05,16515.75,4054.17
650,2023-04-16,Customer 70,East,Clothing,Shirt,Shirt Model 58,5,3284,0.05,15599.0,3022.54
651,2023-08-02,Customer 144,West,Clothing,Jeans,Jeans Model 88,3,3133,0.15,7989.15,1887.87
652,2023-09-27,Customer 100,East,Electronics,Camera,Camera Model 30,1,1715,0.1,1543.5,372.44
653,2023-06-28,Customer 72,South,Clothing,Shirt,Shirt Model 92,1,1367,0.1,1230.3,143.77
654,2023-06-04,Customer 10,South,Clothing,Jeans,Jeans Model 36,1,3974,0.0,3974.0,1051.82
655,2023-12-03,Customer 174,West,Electronics,Laptop,Laptop Model 75,2,2381,0.0,4762.0,628.77
656,2023-06-15,Customer 189,South,Furniture,Sofa,Sofa Model 51,3,3753,0.15,9570.15,2398.27
657,2023-11-11,Customer 179,West,Furniture,Bed,Bed Model 96,5,4861,0.15,20659.25,2249.91
658,2023-07-19,Customer 196,East,Furniture,Sofa,Sofa Model 3,1,1844,0.0,1844.0,367.8
659,2023-06-21,Customer 87,North,Furniture,Chair,Chair Model 75,3,1954,0.15,4982.7,1306.84
660,2023-07-06,Customer 209,East,Furniture,Chair,Chair Model 48,1,889,0.1,800.1,184.1
661,2023-04-26,Customer 270,East,Electronics,Camera,Camera Model 61,3,571,0.1,1541.7,117.71
662,2023-12-04,Customer 50,South,Clothing,Jacket,Jacket Model 78,1,3139,0.15,2668.15,226.29
663,2023-03-20,Customer 190,East,Furniture,Sofa,Sofa Model 77,3,4857,0.15,12385.35,1340.94
664,2023-08-29,Customer 269,North,Electronics,Laptop,Laptop Model 34,5,2151,0.15,9141.75,481.58
665,2023-03-23,Customer 192,North,Furniture,Sofa,Sofa Model 25,4,2581,0.0,10324.0,959.09
666,2023-03-26,Customer 245,South,Furniture,Table,Table Model 35,3,3839,0.05,10941.15,1682.6
667,2023-09-30,Customer 130,West,Electronics,Camera,Camera Model 85,2,2881,0.15,4897.7,757.88
668,2023-04-15,Customer 165,West,Clothing,Jeans,Jeans Model 73,1,3931,0.15,3341.35,455.27
669,2023-11-16,Customer 214,South,Electronics,Laptop,Laptop Model 34,1,464,0.1,417.6,116.41
670,2023-04-07,Customer 1,West,Clothing,Shirt,Shirt Model 4,3,3125,0.0,9375.0,2165.69
671,2023-10-11,Customer 106,North,Electronics,Laptop,Laptop Model 55,3,1906,0.1,5146.2,1056.68
672,2023-01-13,Customer 18,South,Furniture,Table,Table Model 77,2,3121,0.15,5305.7,316.96
673,2023-03-20,Customer 146,East,Electronics,Mobile,Mobile Model 54,3,494,0.0,1482.0,262.65
674,2023-09-05,Customer 146,South,Clothing,Jeans,Jeans Model 7,2,1025,0.15,1742.5,517.89
675,2023-02-21,Customer 285,North,Furniture,Table,Table Model 90,2,392,0.15,666.4,198.61
676,2023-06-28,Customer 198,West,Furniture,Chair,Chair Model 20,3,2067,0.05,5890.95,640.28
677,2023-03-24,Customer 185,East,Clothing,Jeans,Jeans Model 60,1,440,0.0,440.0,47.69
678,2023-02-11,Customer 98,North,Clothing,Jeans,Jeans Model 31,5,3805,0.1,17122.5,4731.37
679,2023-07-26,Customer 110,West,Furniture,Bed,Bed Model 22,2,4030,0.05,7657.0,953.42
680,2023-11-04,Customer 198,North,Clothing,Shoes,Shoes Model 65,3,1705,0.1,4603.5,1105.86
681,2023-02-23,Customer 168,South,Clothing,Shirt,Shirt Model 80,3,1751,0.15,4465.05,714.49
682,2023-06-30,Customer 108,East,Electronics,Camera,Camera Model 34,2,4160,0.1,7488.0,2037.09
683,2023-01-10,Customer 125,North,Furniture,Chair,Chair Model 12,4,526,0.15,1788.4,398.48
684,2023-02-27,Customer 198,East,Furniture,Table,Table Model 18,1,328,0.05,311.6,24.79
685,2023-10-09,Customer 97,East,Furniture,Chair,Chair Model 36,1,4686,0.1,4217.4,1216.33
686,2023-02-24,Customer 97,West,Electronics,Headphones,Headphones Model 87,3,4480,0.0,13440.0,1146.43
687,2023-12-09,Customer 34,North,Furniture,Sofa,Sofa Model 41,5,3425,0.1,15412.5,3189.11
688,2023-04-15,Customer 1,North,Electronics,Headphones,Headphones Model 14,3,2279,0.1,6153.3,1551.04
689,2023-08-16,Customer 126,West,Furniture,Sofa,Sofa Model 81,2,2830,0.05,5377.0,1070.65
690,2023-07-23,Customer 56,West,Electronics,Laptop,Laptop Model 41,3,4278,0.05,12192.3,2329.93
691,2023-07-06,Customer 130,East,Clothing,Jeans,Jeans Model 36,3,483,0.0,1449.0,142.42
692,2023-07-22,Customer 74,North,Furniture,Sofa,Sofa Model 48,5,3872,0.1,17424.0,2667.47
693,2023-04-30,Customer 97,North,Clothing,Shirt,Shirt Model 88,1,4724,0.15,4015.4,348.5
694,2023-05-17,Customer 273,North,Electronics,Mobile,Mobile Model 50,2,1088,0.15,1849.6,149.47
695,2023-07-02,Customer 152,South,Furniture,Bed,Bed Model 17,2,1938,0.0,3876.0,723.53
696,2023-03-14,Customer 14,North,Furniture,Table,Table Model 29,4,2348,0.0,9392.0,1239.36
697,2023-07-24,Customer 79,East,Clothing,Shoes,Shoes Model 15,2,4854,0.1,8737.2,555.93
698,2023-06-03,Customer 154,South,Electronics,Headphones,Headphones Model 92,3,3105,0.15,7917.75,1360.63
699,2023-10-02,Customer 273,West,Electronics,Laptop,Laptop Model 33,5,3402,0.05,16159.5,4513.43
700,2023-11-04,Customer 118,East,Electronics,Camera,Camera Model 46,3,4862,0.05,13856.7,1951.22
